"Повязки на голову новорожденным и деткам постарше,75 грн.,""Кривой Рог, Центрально-Городской"",https://www.olx.ua/obyavlenie/povyazki-na-golovu-novorozhdennym-i-detkam-postarshe-IDuR8Bq.html#9a1d3fc60c"
"Сумка для новорожденных,50 грн.,""Кривой Рог, Долгинцевский"",https://www.olx.ua/obyavlenie/sumka-dlya-novorozhdennyh-IDGbw6G.html?sd=1#9a1d3fc60c"
"Костюмчик, наборчик для новорожденного, 56р.,50 грн.,""Кривой Рог, Центрально-Городской"",https://www.olx.ua/obyavlenie/kostyumchik-naborchik-dlya-novorozhdennogo-56r-IDENdpJ.html#9a1d3fc60c"
"Детский теплый мешок конверт для новорожденного 0 - 6 месяцев,70 грн.,""Кривой Рог, Саксаганский"",https://www.olx.ua/obyavlenie/detskiy-teplyy-meshok-konvert-dlya-novorozhdennogo-0-6-mesyatsev-IDzSiP8.html#9a1d3fc60c"
"Комбинезоны для новорожденного до 9 мес,125 грн.,""Кривой Рог, Саксаганский"",https://www.olx.ua/obyavlenie/kombinezony-dlya-novorozhdennogo-do-9-mes-IDFZ0dU.html#9a1d3fc60c"
"Бодик для новорожденного,45 грн.,""Кривой Рог, Центрально-Городской"",https://www.olx.ua/obyavlenie/bodik-dlya-novorozhdennogo-IDG1mKo.html#9a1d3fc60c"
"Набор для новорожденного,120 грн.,""Кривой Рог, Терновский"",https://www.olx.ua/obyavlenie/nabor-dlya-novorozhdennogo-IDF1xzu.html?sd=1#9a1d3fc60c"
"Набор для новорожденного,100 грн.,""Кривой Рог, Терновский"",https://www.olx.ua/obyavlenie/nabor-dlya-novorozhdennogo-IDF1xFL.html?sd=1#9a1d3fc60c"
"Люлька для коляски, люлька для новорожденного,200 грн.,""Кривой Рог, Саксаганский"",https://www.olx.ua/obyavlenie/lyulka-dlya-kolyaski-lyulka-dlya-novorozhdennogo-IDGF9Cj.html?sd=1#9a1d3fc60c"
"Костюмчик новорожденного,150 грн.,""Кривой Рог, Жовтневый"",https://www.olx.ua/obyavlenie/kostyumchik-novorozhdennogo-IDGmLu2.html?sd=1#9a1d3fc60c"
"Флисовый человечик для новорожденных,70 грн.,""Кривой Рог, Центрально-Городской"",https://www.olx.ua/obyavlenie/flisovyy-chelovechik-dlya-novorozhdennyh-IDFIckO.html?sd=1#9a1d3fc60c"
"Туфельки для новорожденной принцессы,,""Кривой Рог, Дзержинский"",https://www.olx.ua/obyavlenie/tufelki-dlya-novorozhdennoy-printsessy-IDvWrJC.html#9a1d3fc60c"
"Зимний теплый конверт для новорожденного,350 грн.,""Кривой Рог, Саксаганский"",https://www.olx.ua/obyavlenie/zimniy-teplyy-konvert-dlya-novorozhdennogo-IDGkZQ3.html?sd=1#9a1d3fc60c"
"Шапочки зимние для новорожденных,70 грн.,""Кривой Рог, Жовтневый"",https://www.olx.ua/obyavlenie/shapochki-zimnie-dlya-novorozhdennyh-IDEYykH.html?sd=1#9a1d3fc60c"
"Конверт для новорожденного,300 грн.,""Кривой Рог, Дзержинский"",https://www.olx.ua/obyavlenie/konvert-dlya-novorozhdennogo-IDCutFW.html#9a1d3fc60c"
"Слим/кенгуру для новорождённых,350 грн.,""Кривой Рог, Жовтневый"",https://www.olx.ua/obyavlenie/slim-kenguru-dlya-novorozhdennyh-IDEft5w.html#9a1d3fc60c"
"Шапка для новорождённых, 0-3 мес,79 грн.,""Кривой Рог, Саксаганский"",https://www.olx.ua/obyavlenie/shapka-dlya-novorozhdennyh-0-3-mes-IDyiLyQ.html#9a1d3fc60c"
"Зимняя шапка на новорожденного,70 грн.,""Кривой Рог, Жовтневый"",https://www.olx.ua/obyavlenie/zimnyaya-shapka-na-novorozhdennogo-IDycNvv.html#9a1d3fc60c"
"Продам детскую кроватку для новорожденных,500 грн.,""Кривой Рог, Долгинцевский"",https://www.olx.ua/obyavlenie/prodam-detskuyu-krovatku-dlya-novorozhdennyh-IDGmwmq.html?sd=1#e8fb414f0a"
"гнездышко/кокон для новорожденного,350 грн.,""Кривой Рог, Долгинцевский"",https://www.olx.ua/obyavlenie/gnezdyshko-kokon-dlya-novorozhdennogo-IDD03uG.html#e8fb414f0a"
"Конверт для новорожденного,550 грн.,""Кривой Рог, Долгинцевский"",https://www.olx.ua/obyavlenie/konvert-dlya-novorozhdennogo-IDG0mnT.html#e8fb414f0a"
"Одежда для новорожденных,25 грн.,""Кривой Рог, Долгинцевский"",https://www.olx.ua/obyavlenie/odezhda-dlya-novorozhdennyh-IDCZgvR.html#e8fb414f0a"
"Одежда для новорожденных,25 грн.,""Кривой Рог, Долгинцевский"",https://www.olx.ua/obyavlenie/odezhda-dlya-novorozhdennyh-IDCZgE6.html#e8fb414f0a"
"Конверт для новорожденных,200 грн.,""Кривой Рог, Саксаганский"",https://www.olx.ua/obyavlenie/konvert-dlya-novorozhdennyh-IDxzgtI.html#e8fb414f0a"
"Конверт для новорожденных,150 грн.,""Кривой Рог, Саксаганский"",https://www.olx.ua/obyavlenie/konvert-dlya-novorozhdennyh-IDye4jV.html#e8fb414f0a"
"Продам шапульки для новорожденной куколки.,110 грн.,""Кривой Рог, Жовтневый"",https://www.olx.ua/obyavlenie/prodam-shapulki-dlya-novorozhdennoy-kukolki-IDG0zMg.html?sd=1#e8fb414f0a"
"Весы Chicco Baby Comfort для новорожденных,1 000 грн.,""Кривой Рог, Долгинцевский"",https://www.olx.ua/obyavlenie/vesy-chicco-baby-comfort-dlya-novorozhdennyh-IDFFSSz.html#e8fb414f0a"
"расческа для новорожденных + подарок,50 грн.,""Кривой Рог, Долгинцевский"",https://www.olx.ua/obyavlenie/rascheska-dlya-novorozhdennyh-podarok-IDCY25t.html#e8fb414f0a"
"Конверт для новорожденного,100 грн.,""Кривой Рог, Саксаганский"",https://www.olx.ua/obyavlenie/konvert-dlya-novorozhdennogo-IDAH2Ae.html#e8fb414f0a"
"Теплый человечек для новорожденого,99 грн.,""Кривой Рог, Саксаганский"",https://www.olx.ua/obyavlenie/teplyy-chelovechek-dlya-novorozhdenogo-IDG1J9i.html?sd=1#e8fb414f0a"
"Продам конверт для новорожденного,200 грн.,""Кривой Рог, Саксаганский"",https://www.olx.ua/obyavlenie/prodam-konvert-dlya-novorozhdennogo-IDBdk9n.html#e8fb414f0a"
"Костюм теплый для новорожденного кофта, штаны-2шт, шапка,85 грн.,""Кривой Рог, Жовтневый"",https://www.olx.ua/obyavlenie/kostyum-teplyy-dlya-novorozhdennogo-kofta-shtany-2sht-shapka-IDuvF3v.html?sd=1#e8fb414f0a"
"Бандаж для фиксации шейного отдела позвоночника для новорожденных,100 грн.,""Кривой Рог, Жовтневый"",https://www.olx.ua/obyavlenie/bandazh-dlya-fiksatsii-sheynogo-otdela-pozvonochnika-dlya-novorozhdennyh-IDGmiIp.html?sd=1#e8fb414f0a"
"Newborn photo. Фотограф новорожденных. Семейный и детский фотограф,,""Кривой Рог, Дзержинский"",https://www.olx.ua/obyavlenie/newborn-photo-fotograf-novorozhdennyh-semeynyy-i-detskiy-fotograf-IDC2iYF.html#e8fb414f0a"
"Ниблер. Расческа Chicco для новорожденных.,30 грн.,""Кривой Рог, Саксаганский"",https://www.olx.ua/obyavlenie/nibler-rascheska-chicco-dlya-novorozhdennyh-IDE72FR.html?sd=1#e8fb414f0a"
"комплект из 6 предметов для новорожденной принцессы,200 грн.,""Кривой Рог, Жовтневый"",https://www.olx.ua/obyavlenie/komplekt-iz-6-predmetov-dlya-novorozhdennoy-printsessy-IDGib9Q.html?sd=1#e8fb414f0a"
"конверт на выписку новорожденного,100 грн.,""Кривой Рог, Долгинцевский"",https://www.olx.ua/obyavlenie/konvert-na-vypisku-novorozhdennogo-IDehpNm.html#e8fb414f0a"
"Зимний комбинезон для новорожденных,300 грн.,""Кривой Рог, Центрально-Городской"",https://www.olx.ua/obyavlenie/zimniy-kombinezon-dlya-novorozhdennyh-IDEIBuz.html?sd=1#e8fb414f0a"
"Продам термометр для купания новорожденных,200 грн.,""Кривой Рог, Саксаганский"",https://www.olx.ua/obyavlenie/prodam-termometr-dlya-kupaniya-novorozhdennyh-IDAXHz0.html#e8fb414f0a"
"Зимняя шапочка с шарфиком для новорожденных,150 грн.,""Кривой Рог, Жовтневый"",https://www.olx.ua/obyavlenie/zimnyaya-shapochka-s-sharfikom-dlya-novorozhdennyh-IDFVWDN.html?sd=1#e8fb414f0a"
"Платечко на новорожденного,165 грн.,""Кривой Рог, Жовтневый"",https://www.olx.ua/obyavlenie/platechko-na-novorozhdennogo-IDGh6Js.html?sd=1#e8fb414f0a"
"Костюм для новорожденных для выписки с роддома,150 грн.,""Кривой Рог, Жовтневый"",https://www.olx.ua/obyavlenie/kostyum-dlya-novorozhdennyh-dlya-vypiski-s-roddoma-IDGDDCc.html?sd=1#e8fb414f0a"
"Бодик.Комбинезон.Человечек.Вещи для новорожденных,100 грн.,""Кривой Рог, Жовтневый"",https://www.olx.ua/obyavlenie/bodik-kombinezon-chelovechek-veschi-dlya-novorozhdennyh-IDGDDew.html?sd=1#e8fb414f0a"
"19 вещей для новорожденного за 200 грн,200 грн.,""Кривой Рог, Саксаганский"",https://www.olx.ua/obyavlenie/19-veschey-dlya-novorozhdennogo-za-200-grn-IDF21lG.html?sd=1#e8fb414f0a"
"Шапочка для новорожденного до 4-5 мес.,50 грн.,""Кривой Рог, Дзержинский"",https://www.olx.ua/obyavlenie/shapochka-dlya-novorozhdennogo-do-4-5-mes-IDGDyoS.html?sd=1#e8fb414f0a"
"Ползунки для новорожденных,30 грн.,""Кривой Рог, Долгинцевский"",https://www.olx.ua/obyavlenie/polzunki-dlya-novorozhdennyh-IDGlzSo.html?sd=1#e8fb414f0a"
"Костюм для новорожденного,100 грн.,""Кривой Рог, Центрально-Городской"",https://www.olx.ua/obyavlenie/kostyum-dlya-novorozhdennogo-IDFXIEy.html#e8fb414f0a"
"Зима осень теплая шапочка на флисе для новорожденных,75 грн.,""Кривой Рог, Жовтневый"",https://www.olx.ua/obyavlenie/zima-osen-teplaya-shapochka-na-flise-dlya-novorozhdennyh-IDoLL4a.html?sd=1#e8fb414f0a"
"Шапка для новорожденных.,70 грн.,""Кривой Рог, Дзержинский"",https://www.olx.ua/obyavlenie/shapka-dlya-novorozhdennyh-IDD51bz.html#e8fb414f0a"
"Продаю конверт для новорожденных,100 грн.,""Кривой Рог, Саксаганский"",https://www.olx.ua/obyavlenie/prodayu-konvert-dlya-novorozhdennyh-IDDt9XX.html#e8fb414f0a"
"Набор для новорожденного,400 грн.,""Кривой Рог, Жовтневый"",https://www.olx.ua/obyavlenie/nabor-dlya-novorozhdennogo-IDEvNIg.html?sd=1#e8fb414f0a"
"Продам комбинезон для новорожденного малыша.,100 грн.,""Кривой Рог, Жовтневый"",https://www.olx.ua/obyavlenie/prodam-kombinezon-dlya-novorozhdennogo-malysha-IDBKt3K.html#e8fb414f0a"
"Деми Шапочка для новорожденного на флисе от 0 до 5 месяцев,50 грн.,""Кривой Рог, Жовтневый"",https://www.olx.ua/obyavlenie/demi-shapochka-dlya-novorozhdennogo-na-flise-ot-0-do-5-mesyatsev-IDfLjni.html#e8fb414f0a"
"Комбез на новорожденного,150 грн.,""Кривой Рог, Жовтневый"",https://www.olx.ua/obyavlenie/kombez-na-novorozhdennogo-IDFCKYS.html?sd=1#e8fb414f0a"
"Кеды для новорожденных,30 грн.,""Кривой Рог, Долгинцевский"",https://www.olx.ua/obyavlenie/kedy-dlya-novorozhdennyh-IDBAhg5.html#e8fb414f0a"
"Продам конверт для новорожденного,50 грн.,""Кривой Рог, Долгинцевский"",https://www.olx.ua/obyavlenie/prodam-konvert-dlya-novorozhdennogo-IDGkD2o.html?sd=1#e8fb414f0a"
"Теплый конверт для новорожденных,100 грн.,""Кривой Рог, Саксаганский"",https://www.olx.ua/obyavlenie/teplyy-konvert-dlya-novorozhdennyh-IDCBPWv.html#e8fb414f0a"
