пРОДАЮ КОКОН ДЛЯ НОВОРОЖДЕННОГО,450 грн.,"Кривой Рог, Дзержинский",https://www.olx.ua/obyavlenie/prodayu-kokon-dlya-novorozhdennogo-IDG8bnA.html?sd=1#9a1d3fc60c
нОСОЧКИ (НОСКИ) ИЗ сша ДЛЯ НОВОРОЖДЕННЫХ (МЛАДЕНЦЕВ),20 грн.,"Кривой Рог, Жовтневый",https://www.olx.ua/obyavlenie/nosochki-noski-iz-ssha-dlya-novorozhdennyh-mladentsev-IDBsBtP.html#9a1d3fc60c
кОКОН ДЛЯ НОВОРОЖДЕННЫХ,250 грн.,"Кривой Рог, Саксаганский",https://www.olx.ua/obyavlenie/kokon-dlya-novorozhdennyh-IDF56fW.html#9a1d3fc60c
пРОДАМ МАХРОВЫЙ КОМБИНЕЗОН НА НОВОРОЖДЕННОГО,100 грн.,"Кривой Рог, Жовтневый",https://www.olx.ua/obyavlenie/prodam-mahrovyy-kombinezon-na-novorozhdennogo-IDFcXFW.html#9a1d3fc60c
сПАЛЬНЫЙ МЕШОК ДЛЯ НОВОРОЖДЕННЫХ Р.0-6,65 грн.,"Кривой Рог, Центрально-Городской",https://www.olx.ua/obyavlenie/spalnyy-meshok-dlya-novorozhdennyh-r-0-6-IDG3aVT.html?sd=1#9a1d3fc60c
"нОВЫЙ НАБОР НА НОВОРОЖДЕННОГО, Р. 50-56СМ",120 грн.,"Кривой Рог, Саксаганский",https://www.olx.ua/obyavlenie/novyy-nabor-na-novorozhdennogo-r-50-56sm-IDFZlU6.html#9a1d3fc60c
оДЕЖДА ДЛЯ НОВОРОЖДЕННЫХ. пАКЕТОМ cARTER’S h&m BABY CLUB f&f,250 грн.,"Кривой Рог, Саксаганский",https://www.olx.ua/obyavlenie/odezhda-dlya-novorozhdennyh-paketom-carters-h-m-baby-club-f-f-IDGFSYg.html?sd=1#9a1d3fc60c
вЕСЫ ДЛЯ НОВОРОЖДЕННЫХ гАММА,600 грн.,"Кривой Рог, Жовтневый",https://www.olx.ua/obyavlenie/vesy-dlya-novorozhdennyh-gamma-IDGdcIj.html#9a1d3fc60c
"пАКЕТ ВЕЩЕЙ ДЛЯ НОВОРОЖДЕННЫХ, 0-3 МЕС",180 грн.,"Кривой Рог, Жовтневый",https://www.olx.ua/obyavlenie/paket-veschey-dlya-novorozhdennyh-0-3-mes-IDDWCJY.html#9a1d3fc60c
пРОДАМ КОНВЕРТ ДЛЯ НОВОРОЖДЕННЫХ,550 грн.,"Кривой Рог, Дзержинский",https://www.olx.ua/obyavlenie/prodam-konvert-dlya-novorozhdennyh-IDGFM1X.html?sd=1#9a1d3fc60c
кОКОН ГНЕЗДО ПОЗИЦИОНЕР ДЛЯ НОВОРОЖДЕННОГО,350 грн.,"Кривой Рог, Ингулецкий",https://www.olx.ua/obyavlenie/kokon-gnezdo-pozitsioner-dlya-novorozhdennogo-IDFIr8l.html#9a1d3fc60c
"нАБОР ДЛЯ НОВОРОЖДЕННОГО, 0-3МЕСЯЦА",100 грн.,"Кривой Рог, Долгинцевский",https://www.olx.ua/obyavlenie/nabor-dlya-novorozhdennogo-0-3mesyatsa-IDGDw44.html?sd=1#9a1d3fc60c
еРГО РЮКЗАК eRGO bABY С ВКЛАДЫШЕМ ДЛЯ НОВОРОЖДЕННЫХ,550 грн.,"Кривой Рог, Долгинцевский",https://www.olx.ua/obyavlenie/ergo-ryukzak-ergo-baby-s-vkladyshem-dlya-novorozhdennyh-IDGFBcY.html?sd=1#9a1d3fc60c
кОМБИНЕЗОН ДЛЯ НОВОРОЖДЕНОЙ ДЕВОЧКИ 0-3,90 грн.,"Кривой Рог, Саксаганский",https://www.olx.ua/obyavlenie/kombinezon-dlya-novorozhdenoy-devochki-0-3-IDBiaqv.html?sd=1#9a1d3fc60c
пРОДАМ КОСТЮМ ДЛЯ НОВОРОЖДЕННЫХ,70 грн.,"Кривой Рог, Саксаганский",https://www.olx.ua/obyavlenie/prodam-kostyum-dlya-novorozhdennyh-IDF20b4.html?sd=1#9a1d3fc60c
"гНЕЗДО ДЛЯ НОВОРОЖДЕННЫХ ( КОКОН), КРОВАТКА",500 грн.,"Кривой Рог, Жовтневый",https://www.olx.ua/obyavlenie/gnezdo-dlya-novorozhdennyh-kokon-krovatka-IDFe2Yr.html#9a1d3fc60c
пРОДАМ КОСТЮМЧИКИ ДЛЯ НОВОРОЖДЕННОГО,80 грн.,"Кривой Рог, Ингулецкий",https://www.olx.ua/obyavlenie/prodam-kostyumchiki-dlya-novorozhdennogo-IDCbMzt.html#9a1d3fc60c
зИМНИЙ КОНВЕРТ ДЛЯ НОВОРОЖДЕННОГО,400 грн.,"Кривой Рог, Саксаганский",https://www.olx.ua/obyavlenie/zimniy-konvert-dlya-novorozhdennogo-IDBLYeD.html?sd=1#9a1d3fc60c
нАДУВНОЙ КРУГ ДЛЯ КУПАНИЯ НОВОРОЖДЕННОГО,70 грн.,"Кривой Рог, Ингулецкий",https://www.olx.ua/obyavlenie/naduvnoy-krug-dlya-kupaniya-novorozhdennogo-IDBiKKd.html#9a1d3fc60c
кОСТЮМ чЕЛОВЕК ДЛЯ НОВОРОЖДЕННОГО,100 грн.,"Кривой Рог, Центрально-Городской",https://www.olx.ua/obyavlenie/kostyum-chelovek-dlya-novorozhdennogo-IDForYQ.html#9a1d3fc60c
пИНЕТКИ ДЛЯ НОВОРОЖДЕННЫХ,30 грн.,"Кривой Рог, Саксаганский",https://www.olx.ua/obyavlenie/pinetki-dlya-novorozhdennyh-IDC0EGc.html#9a1d3fc60c
пОВЯЗКИ НА ГОЛОВУ НОВОРОЖДЕННЫМ И ДЕТКАМ ПОСТАРШЕ,75 грн.,"Кривой Рог, Центрально-Городской",https://www.olx.ua/obyavlenie/povyazki-na-golovu-novorozhdennym-i-detkam-postarshe-IDuR8Bq.html#9a1d3fc60c
сУМКА ДЛЯ НОВОРОЖДЕННЫХ,50 грн.,"Кривой Рог, Долгинцевский",https://www.olx.ua/obyavlenie/sumka-dlya-novorozhdennyh-IDGbw6G.html?sd=1#9a1d3fc60c
"кОСТЮМЧИК, НАБОРЧИК ДЛЯ НОВОРОЖДЕННОГО, 56Р.",50 грн.,"Кривой Рог, Центрально-Городской",https://www.olx.ua/obyavlenie/kostyumchik-naborchik-dlya-novorozhdennogo-56r-IDENdpJ.html#9a1d3fc60c
дЕТСКИЙ ТЕПЛЫЙ МЕШОК КОНВЕРТ ДЛЯ НОВОРОЖДЕННОГО 0 - 6 МЕСЯЦЕВ,70 грн.,"Кривой Рог, Саксаганский",https://www.olx.ua/obyavlenie/detskiy-teplyy-meshok-konvert-dlya-novorozhdennogo-0-6-mesyatsev-IDzSiP8.html#9a1d3fc60c
кОМБИНЕЗОНЫ ДЛЯ НОВОРОЖДЕННОГО ДО 9 МЕС,125 грн.,"Кривой Рог, Саксаганский",https://www.olx.ua/obyavlenie/kombinezony-dlya-novorozhdennogo-do-9-mes-IDFZ0dU.html#9a1d3fc60c
бОДИК ДЛЯ НОВОРОЖДЕННОГО,45 грн.,"Кривой Рог, Центрально-Городской",https://www.olx.ua/obyavlenie/bodik-dlya-novorozhdennogo-IDG1mKo.html#9a1d3fc60c
нАБОР ДЛЯ НОВОРОЖДЕННОГО,120 грн.,"Кривой Рог, Терновский",https://www.olx.ua/obyavlenie/nabor-dlya-novorozhdennogo-IDF1xzu.html?sd=1#9a1d3fc60c
нАБОР ДЛЯ НОВОРОЖДЕННОГО,100 грн.,"Кривой Рог, Терновский",https://www.olx.ua/obyavlenie/nabor-dlya-novorozhdennogo-IDF1xFL.html?sd=1#9a1d3fc60c
"лЮЛЬКА ДЛЯ КОЛЯСКИ, ЛЮЛЬКА ДЛЯ НОВОРОЖДЕННОГО",200 грн.,"Кривой Рог, Саксаганский",https://www.olx.ua/obyavlenie/lyulka-dlya-kolyaski-lyulka-dlya-novorozhdennogo-IDGF9Cj.html?sd=1#9a1d3fc60c
кОСТЮМЧИК НОВОРОЖДЕННОГО,150 грн.,"Кривой Рог, Жовтневый",https://www.olx.ua/obyavlenie/kostyumchik-novorozhdennogo-IDGmLu2.html?sd=1#9a1d3fc60c
фЛИСОВЫЙ ЧЕЛОВЕЧИК ДЛЯ НОВОРОЖДЕННЫХ,70 грн.,"Кривой Рог, Центрально-Городской",https://www.olx.ua/obyavlenie/flisovyy-chelovechik-dlya-novorozhdennyh-IDFIckO.html?sd=1#9a1d3fc60c
тУФЕЛЬКИ ДЛЯ НОВОРОЖДЕННОЙ ПРИНЦЕССЫ,,"Кривой Рог, Дзержинский",https://www.olx.ua/obyavlenie/tufelki-dlya-novorozhdennoy-printsessy-IDvWrJC.html#9a1d3fc60c
зИМНИЙ ТЕПЛЫЙ КОНВЕРТ ДЛЯ НОВОРОЖДЕННОГО,350 грн.,"Кривой Рог, Саксаганский",https://www.olx.ua/obyavlenie/zimniy-teplyy-konvert-dlya-novorozhdennogo-IDGkZQ3.html?sd=1#9a1d3fc60c
шАПОЧКИ ЗИМНИЕ ДЛЯ НОВОРОЖДЕННЫХ,70 грн.,"Кривой Рог, Жовтневый",https://www.olx.ua/obyavlenie/shapochki-zimnie-dlya-novorozhdennyh-IDEYykH.html?sd=1#9a1d3fc60c
кОНВЕРТ ДЛЯ НОВОРОЖДЕННОГО,300 грн.,"Кривой Рог, Дзержинский",https://www.olx.ua/obyavlenie/konvert-dlya-novorozhdennogo-IDCutFW.html#9a1d3fc60c
сЛИМ/КЕНГУРУ ДЛЯ НОВОРОЖДЁННЫХ,350 грн.,"Кривой Рог, Жовтневый",https://www.olx.ua/obyavlenie/slim-kenguru-dlya-novorozhdennyh-IDEft5w.html#9a1d3fc60c
"шАПКА ДЛЯ НОВОРОЖДЁННЫХ, 0-3 МЕС",79 грн.,"Кривой Рог, Саксаганский",https://www.olx.ua/obyavlenie/shapka-dlya-novorozhdennyh-0-3-mes-IDyiLyQ.html#9a1d3fc60c
зИМНЯЯ ШАПКА НА НОВОРОЖДЕННОГО,70 грн.,"Кривой Рог, Жовтневый",https://www.olx.ua/obyavlenie/zimnyaya-shapka-na-novorozhdennogo-IDycNvv.html#9a1d3fc60c
пРОДАМ ДЕТСКУЮ КРОВАТКУ ДЛЯ НОВОРОЖДЕННЫХ,500 грн.,"Кривой Рог, Долгинцевский",https://www.olx.ua/obyavlenie/prodam-detskuyu-krovatku-dlya-novorozhdennyh-IDGmwmq.html?sd=1#e8fb414f0a
ГНЕЗДЫШКО/КОКОН ДЛЯ НОВОРОЖДЕННОГО,350 грн.,"Кривой Рог, Долгинцевский",https://www.olx.ua/obyavlenie/gnezdyshko-kokon-dlya-novorozhdennogo-IDD03uG.html#e8fb414f0a
кОНВЕРТ ДЛЯ НОВОРОЖДЕННОГО,550 грн.,"Кривой Рог, Долгинцевский",https://www.olx.ua/obyavlenie/konvert-dlya-novorozhdennogo-IDG0mnT.html#e8fb414f0a
оДЕЖДА ДЛЯ НОВОРОЖДЕННЫХ,25 грн.,"Кривой Рог, Долгинцевский",https://www.olx.ua/obyavlenie/odezhda-dlya-novorozhdennyh-IDCZgvR.html#e8fb414f0a
оДЕЖДА ДЛЯ НОВОРОЖДЕННЫХ,25 грн.,"Кривой Рог, Долгинцевский",https://www.olx.ua/obyavlenie/odezhda-dlya-novorozhdennyh-IDCZgE6.html#e8fb414f0a
кОНВЕРТ ДЛЯ НОВОРОЖДЕННЫХ,200 грн.,"Кривой Рог, Саксаганский",https://www.olx.ua/obyavlenie/konvert-dlya-novorozhdennyh-IDxzgtI.html#e8fb414f0a
кОНВЕРТ ДЛЯ НОВОРОЖДЕННЫХ,150 грн.,"Кривой Рог, Саксаганский",https://www.olx.ua/obyavlenie/konvert-dlya-novorozhdennyh-IDye4jV.html#e8fb414f0a
пРОДАМ ШАПУЛЬКИ ДЛЯ НОВОРОЖДЕННОЙ КУКОЛКИ.,110 грн.,"Кривой Рог, Жовтневый",https://www.olx.ua/obyavlenie/prodam-shapulki-dlya-novorozhdennoy-kukolki-IDG0zMg.html?sd=1#e8fb414f0a
вЕСЫ cHICCO bABY cOMFORT ДЛЯ НОВОРОЖДЕННЫХ,1 000 грн.,"Кривой Рог, Долгинцевский",https://www.olx.ua/obyavlenie/vesy-chicco-baby-comfort-dlya-novorozhdennyh-IDFFSSz.html#e8fb414f0a
РАСЧЕСКА ДЛЯ НОВОРОЖДЕННЫХ + ПОДАРОК,50 грн.,"Кривой Рог, Долгинцевский",https://www.olx.ua/obyavlenie/rascheska-dlya-novorozhdennyh-podarok-IDCY25t.html#e8fb414f0a
кОНВЕРТ ДЛЯ НОВОРОЖДЕННОГО,100 грн.,"Кривой Рог, Саксаганский",https://www.olx.ua/obyavlenie/konvert-dlya-novorozhdennogo-IDAH2Ae.html#e8fb414f0a
тЕПЛЫЙ ЧЕЛОВЕЧЕК ДЛЯ НОВОРОЖДЕНОГО,99 грн.,"Кривой Рог, Саксаганский",https://www.olx.ua/obyavlenie/teplyy-chelovechek-dlya-novorozhdenogo-IDG1J9i.html?sd=1#e8fb414f0a
пРОДАМ КОНВЕРТ ДЛЯ НОВОРОЖДЕННОГО,200 грн.,"Кривой Рог, Саксаганский",https://www.olx.ua/obyavlenie/prodam-konvert-dlya-novorozhdennogo-IDBdk9n.html#e8fb414f0a
"кОСТЮМ ТЕПЛЫЙ ДЛЯ НОВОРОЖДЕННОГО КОФТА, ШТАНЫ-2ШТ, ШАПКА",85 грн.,"Кривой Рог, Жовтневый",https://www.olx.ua/obyavlenie/kostyum-teplyy-dlya-novorozhdennogo-kofta-shtany-2sht-shapka-IDuvF3v.html?sd=1#e8fb414f0a
бАНДАЖ ДЛЯ ФИКСАЦИИ ШЕЙНОГО ОТДЕЛА ПОЗВОНОЧНИКА ДЛЯ НОВОРОЖДЕННЫХ,100 грн.,"Кривой Рог, Жовтневый",https://www.olx.ua/obyavlenie/bandazh-dlya-fiksatsii-sheynogo-otdela-pozvonochnika-dlya-novorozhdennyh-IDGmiIp.html?sd=1#e8fb414f0a
nEWBORN PHOTO. фОТОГРАФ НОВОРОЖДЕННЫХ. сЕМЕЙНЫЙ И ДЕТСКИЙ ФОТОГРАФ,,"Кривой Рог, Дзержинский",https://www.olx.ua/obyavlenie/newborn-photo-fotograf-novorozhdennyh-semeynyy-i-detskiy-fotograf-IDC2iYF.html#e8fb414f0a
нИБЛЕР. рАСЧЕСКА cHICCO ДЛЯ НОВОРОЖДЕННЫХ.,30 грн.,"Кривой Рог, Саксаганский",https://www.olx.ua/obyavlenie/nibler-rascheska-chicco-dlya-novorozhdennyh-IDE72FR.html?sd=1#e8fb414f0a
КОМПЛЕКТ ИЗ 6 ПРЕДМЕТОВ ДЛЯ НОВОРОЖДЕННОЙ ПРИНЦЕССЫ,200 грн.,"Кривой Рог, Жовтневый",https://www.olx.ua/obyavlenie/komplekt-iz-6-predmetov-dlya-novorozhdennoy-printsessy-IDGib9Q.html?sd=1#e8fb414f0a
КОНВЕРТ НА ВЫПИСКУ НОВОРОЖДЕННОГО,100 грн.,"Кривой Рог, Долгинцевский",https://www.olx.ua/obyavlenie/konvert-na-vypisku-novorozhdennogo-IDehpNm.html#e8fb414f0a
зИМНИЙ КОМБИНЕЗОН ДЛЯ НОВОРОЖДЕННЫХ,300 грн.,"Кривой Рог, Центрально-Городской",https://www.olx.ua/obyavlenie/zimniy-kombinezon-dlya-novorozhdennyh-IDEIBuz.html?sd=1#e8fb414f0a
пРОДАМ ТЕРМОМЕТР ДЛЯ КУПАНИЯ НОВОРОЖДЕННЫХ,200 грн.,"Кривой Рог, Саксаганский",https://www.olx.ua/obyavlenie/prodam-termometr-dlya-kupaniya-novorozhdennyh-IDAXHz0.html#e8fb414f0a
зИМНЯЯ ШАПОЧКА С ШАРФИКОМ ДЛЯ НОВОРОЖДЕННЫХ,150 грн.,"Кривой Рог, Жовтневый",https://www.olx.ua/obyavlenie/zimnyaya-shapochka-s-sharfikom-dlya-novorozhdennyh-IDFVWDN.html?sd=1#e8fb414f0a
пЛАТЕЧКО НА НОВОРОЖДЕННОГО,165 грн.,"Кривой Рог, Жовтневый",https://www.olx.ua/obyavlenie/platechko-na-novorozhdennogo-IDGh6Js.html?sd=1#e8fb414f0a
кОСТЮМ ДЛЯ НОВОРОЖДЕННЫХ ДЛЯ ВЫПИСКИ С РОДДОМА,150 грн.,"Кривой Рог, Жовтневый",https://www.olx.ua/obyavlenie/kostyum-dlya-novorozhdennyh-dlya-vypiski-s-roddoma-IDGDDCc.html?sd=1#e8fb414f0a
бОДИК.кОМБИНЕЗОН.чЕЛОВЕЧЕК.вЕЩИ ДЛЯ НОВОРОЖДЕННЫХ,100 грн.,"Кривой Рог, Жовтневый",https://www.olx.ua/obyavlenie/bodik-kombinezon-chelovechek-veschi-dlya-novorozhdennyh-IDGDDew.html?sd=1#e8fb414f0a
19 ВЕЩЕЙ ДЛЯ НОВОРОЖДЕННОГО ЗА 200 ГРН,200 грн.,"Кривой Рог, Саксаганский",https://www.olx.ua/obyavlenie/19-veschey-dlya-novorozhdennogo-za-200-grn-IDF21lG.html?sd=1#e8fb414f0a
шАПОЧКА ДЛЯ НОВОРОЖДЕННОГО ДО 4-5 МЕС.,50 грн.,"Кривой Рог, Дзержинский",https://www.olx.ua/obyavlenie/shapochka-dlya-novorozhdennogo-do-4-5-mes-IDGDyoS.html?sd=1#e8fb414f0a
пОЛЗУНКИ ДЛЯ НОВОРОЖДЕННЫХ,30 грн.,"Кривой Рог, Долгинцевский",https://www.olx.ua/obyavlenie/polzunki-dlya-novorozhdennyh-IDGlzSo.html?sd=1#e8fb414f0a
кОСТЮМ ДЛЯ НОВОРОЖДЕННОГО,100 грн.,"Кривой Рог, Центрально-Городской",https://www.olx.ua/obyavlenie/kostyum-dlya-novorozhdennogo-IDFXIEy.html#e8fb414f0a
зИМА ОСЕНЬ ТЕПЛАЯ ШАПОЧКА НА ФЛИСЕ ДЛЯ НОВОРОЖДЕННЫХ,75 грн.,"Кривой Рог, Жовтневый",https://www.olx.ua/obyavlenie/zima-osen-teplaya-shapochka-na-flise-dlya-novorozhdennyh-IDoLL4a.html?sd=1#e8fb414f0a
шАПКА ДЛЯ НОВОРОЖДЕННЫХ.,70 грн.,"Кривой Рог, Дзержинский",https://www.olx.ua/obyavlenie/shapka-dlya-novorozhdennyh-IDD51bz.html#e8fb414f0a
пРОДАЮ КОНВЕРТ ДЛЯ НОВОРОЖДЕННЫХ,100 грн.,"Кривой Рог, Саксаганский",https://www.olx.ua/obyavlenie/prodayu-konvert-dlya-novorozhdennyh-IDDt9XX.html#e8fb414f0a
нАБОР ДЛЯ НОВОРОЖДЕННОГО,400 грн.,"Кривой Рог, Жовтневый",https://www.olx.ua/obyavlenie/nabor-dlya-novorozhdennogo-IDEvNIg.html?sd=1#e8fb414f0a
пРОДАМ КОМБИНЕЗОН ДЛЯ НОВОРОЖДЕННОГО МАЛЫША.,100 грн.,"Кривой Рог, Жовтневый",https://www.olx.ua/obyavlenie/prodam-kombinezon-dlya-novorozhdennogo-malysha-IDBKt3K.html#e8fb414f0a
дЕМИ шАПОЧКА ДЛЯ НОВОРОЖДЕННОГО НА ФЛИСЕ ОТ 0 ДО 5 МЕСЯЦЕВ,50 грн.,"Кривой Рог, Жовтневый",https://www.olx.ua/obyavlenie/demi-shapochka-dlya-novorozhdennogo-na-flise-ot-0-do-5-mesyatsev-IDfLjni.html#e8fb414f0a
кОМБЕЗ НА НОВОРОЖДЕННОГО,150 грн.,"Кривой Рог, Жовтневый",https://www.olx.ua/obyavlenie/kombez-na-novorozhdennogo-IDFCKYS.html?sd=1#e8fb414f0a
кЕДЫ ДЛЯ НОВОРОЖДЕННЫХ,30 грн.,"Кривой Рог, Долгинцевский",https://www.olx.ua/obyavlenie/kedy-dlya-novorozhdennyh-IDBAhg5.html#e8fb414f0a
пРОДАМ КОНВЕРТ ДЛЯ НОВОРОЖДЕННОГО,50 грн.,"Кривой Рог, Долгинцевский",https://www.olx.ua/obyavlenie/prodam-konvert-dlya-novorozhdennogo-IDGkD2o.html?sd=1#e8fb414f0a
тЕПЛЫЙ КОНВЕРТ ДЛЯ НОВОРОЖДЕННЫХ,100 грн.,"Кривой Рог, Саксаганский",https://www.olx.ua/obyavlenie/teplyy-konvert-dlya-novorozhdennyh-IDCBPWv.html#e8fb414f0a
