"Онбъгйх мю цнкнбс мнбнпнфдеммшл х дерйюл онярюпье,75 цпм.,""Йпхбни Пнц, Жемрпюкэмн-Цнпндяйни"",HTTPS://WWW.OLX.UA/OBYAVLENIE/POVYAZKI-NA-GOLOVU-NOVOROZHDENNYM-I-DETKAM-POSTARSHE-idUr8bQ.HTML#9A1D3FC60C"
"Яслйю дкъ мнбнпнфдеммшу,50 цпм.,""Йпхбни Пнц, Днкцхмжебяйхи"",HTTPS://WWW.OLX.UA/OBYAVLENIE/SUMKA-DLYA-NOVOROZHDENNYH-idgBW6g.HTML?SD=1#9A1D3FC60C"
"Йнярчлвхй, мюанпвхй дкъ мнбнпнфдеммнцн, 56п.,50 цпм.,""Йпхбни Пнц, Жемрпюкэмн-Цнпндяйни"",HTTPS://WWW.OLX.UA/OBYAVLENIE/KOSTYUMCHIK-NABORCHIK-DLYA-NOVOROZHDENNOGO-56R-idenDPj.HTML#9A1D3FC60C"
"Деряйхи реокши леьнй йнмбепр дкъ мнбнпнфдеммнцн 0 - 6 леяъжеб,70 цпм.,""Йпхбни Пнц, Яюйяюцюмяйхи"",HTTPS://WWW.OLX.UA/OBYAVLENIE/DETSKIY-TEPLYY-MESHOK-KONVERT-DLYA-NOVOROZHDENNOGO-0-6-MESYATSEV-idZsIp8.HTML#9A1D3FC60C"
"Йнлахмегнмш дкъ мнбнпнфдеммнцн дн 9 лея,125 цпм.,""Йпхбни Пнц, Яюйяюцюмяйхи"",HTTPS://WWW.OLX.UA/OBYAVLENIE/KOMBINEZONY-DLYA-NOVOROZHDENNOGO-DO-9-MES-idfz0Du.HTML#9A1D3FC60C"
"Андхй дкъ мнбнпнфдеммнцн,45 цпм.,""Йпхбни Пнц, Жемрпюкэмн-Цнпндяйни"",HTTPS://WWW.OLX.UA/OBYAVLENIE/BODIK-DLYA-NOVOROZHDENNOGO-idg1MkO.HTML#9A1D3FC60C"
"Мюанп дкъ мнбнпнфдеммнцн,120 цпм.,""Йпхбни Пнц, Репмнбяйхи"",HTTPS://WWW.OLX.UA/OBYAVLENIE/NABOR-DLYA-NOVOROZHDENNOGO-idf1XZU.HTML?SD=1#9A1D3FC60C"
"Мюанп дкъ мнбнпнфдеммнцн,100 цпм.,""Йпхбни Пнц, Репмнбяйхи"",HTTPS://WWW.OLX.UA/OBYAVLENIE/NABOR-DLYA-NOVOROZHDENNOGO-idf1Xfl.HTML?SD=1#9A1D3FC60C"
"Кчкэйю дкъ йнкъяйх, кчкэйю дкъ мнбнпнфдеммнцн,200 цпм.,""Йпхбни Пнц, Яюйяюцюмяйхи"",HTTPS://WWW.OLX.UA/OBYAVLENIE/LYULKA-DLYA-KOLYASKI-LYULKA-DLYA-NOVOROZHDENNOGO-idgf9cJ.HTML?SD=1#9A1D3FC60C"
"Йнярчлвхй мнбнпнфдеммнцн,150 цпм.,""Йпхбни Пнц, Фнбрмебши"",HTTPS://WWW.OLX.UA/OBYAVLENIE/KOSTYUMCHIK-NOVOROZHDENNOGO-idgMlU2.HTML?SD=1#9A1D3FC60C"
"Ткхянбши векнбевхй дкъ мнбнпнфдеммшу,70 цпм.,""Йпхбни Пнц, Жемрпюкэмн-Цнпндяйни"",HTTPS://WWW.OLX.UA/OBYAVLENIE/FLISOVYY-CHELOVECHIK-DLYA-NOVOROZHDENNYH-idfiCKo.HTML?SD=1#9A1D3FC60C"
"Рстекэйх дкъ мнбнпнфдеммни опхмжеяяш,,""Йпхбни Пнц, Дгепфхмяйхи"",HTTPS://WWW.OLX.UA/OBYAVLENIE/TUFELKI-DLYA-NOVOROZHDENNOY-PRINTSESSY-idVwRjc.HTML#9A1D3FC60C"
"Гхлмхи реокши йнмбепр дкъ мнбнпнфдеммнцн,350 цпм.,""Йпхбни Пнц, Яюйяюцюмяйхи"",HTTPS://WWW.OLX.UA/OBYAVLENIE/ZIMNIY-TEPLYY-KONVERT-DLYA-NOVOROZHDENNOGO-idgKzq3.HTML?SD=1#9A1D3FC60C"
"Ьюонвйх гхлмхе дкъ мнбнпнфдеммшу,70 цпм.,""Йпхбни Пнц, Фнбрмебши"",HTTPS://WWW.OLX.UA/OBYAVLENIE/SHAPOCHKI-ZIMNIE-DLYA-NOVOROZHDENNYH-ideyYKh.HTML?SD=1#9A1D3FC60C"
"Йнмбепр дкъ мнбнпнфдеммнцн,300 цпм.,""Йпхбни Пнц, Дгепфхмяйхи"",HTTPS://WWW.OLX.UA/OBYAVLENIE/KONVERT-DLYA-NOVOROZHDENNOGO-idcUTfw.HTML#9A1D3FC60C"
"Якхл/йемцспс дкъ мнбнпнфд╗ммшу,350 цпм.,""Йпхбни Пнц, Фнбрмебши"",HTTPS://WWW.OLX.UA/OBYAVLENIE/SLIM-KENGURU-DLYA-NOVOROZHDENNYH-ideFT5W.HTML#9A1D3FC60C"
"Ьюойю дкъ мнбнпнфд╗ммшу, 0-3 лея,79 цпм.,""Йпхбни Пнц, Яюйяюцюмяйхи"",HTTPS://WWW.OLX.UA/OBYAVLENIE/SHAPKA-DLYA-NOVOROZHDENNYH-0-3-MES-idYIlYq.HTML#9A1D3FC60C"
"Гхлмъъ ьюойю мю мнбнпнфдеммнцн,70 цпм.,""Йпхбни Пнц, Фнбрмебши"",HTTPS://WWW.OLX.UA/OBYAVLENIE/ZIMNYAYA-SHAPKA-NA-NOVOROZHDENNOGO-idYCnVV.HTML#9A1D3FC60C"
"Опндюл деряйсч йпнбюрйс дкъ мнбнпнфдеммшу,500 цпм.,""Йпхбни Пнц, Днкцхмжебяйхи"",HTTPS://WWW.OLX.UA/OBYAVLENIE/PRODAM-DETSKUYU-KROVATKU-DLYA-NOVOROZHDENNYH-idgMWMQ.HTML?SD=1#E8FB414F0A"
"цмегдшьйн/йнйнм дкъ мнбнпнфдеммнцн,350 цпм.,""Йпхбни Пнц, Днкцхмжебяйхи"",HTTPS://WWW.OLX.UA/OBYAVLENIE/GNEZDYSHKO-KOKON-DLYA-NOVOROZHDENNOGO-idd03Ug.HTML#E8FB414F0A"
"Йнмбепр дкъ мнбнпнфдеммнцн,550 цпм.,""Йпхбни Пнц, Днкцхмжебяйхи"",HTTPS://WWW.OLX.UA/OBYAVLENIE/KONVERT-DLYA-NOVOROZHDENNOGO-idg0MNt.HTML#E8FB414F0A"
"Ндефдю дкъ мнбнпнфдеммшу,25 цпм.,""Йпхбни Пнц, Днкцхмжебяйхи"",HTTPS://WWW.OLX.UA/OBYAVLENIE/ODEZHDA-DLYA-NOVOROZHDENNYH-idczGVr.HTML#E8FB414F0A"
"Ндефдю дкъ мнбнпнфдеммшу,25 цпм.,""Йпхбни Пнц, Днкцхмжебяйхи"",HTTPS://WWW.OLX.UA/OBYAVLENIE/ODEZHDA-DLYA-NOVOROZHDENNYH-idczGe6.HTML#E8FB414F0A"
"Йнмбепр дкъ мнбнпнфдеммшу,200 цпм.,""Йпхбни Пнц, Яюйяюцюмяйхи"",HTTPS://WWW.OLX.UA/OBYAVLENIE/KONVERT-DLYA-NOVOROZHDENNYH-idXZGTi.HTML#E8FB414F0A"
"Йнмбепр дкъ мнбнпнфдеммшу,150 цпм.,""Йпхбни Пнц, Яюйяюцюмяйхи"",HTTPS://WWW.OLX.UA/OBYAVLENIE/KONVERT-DLYA-NOVOROZHDENNYH-idYE4Jv.HTML#E8FB414F0A"
"Опндюл ьюоскэйх дкъ мнбнпнфдеммни йсйнкйх.,110 цпм.,""Йпхбни Пнц, Фнбрмебши"",HTTPS://WWW.OLX.UA/OBYAVLENIE/PRODAM-SHAPULKI-DLYA-NOVOROZHDENNOY-KUKOLKI-idg0ZmG.HTML?SD=1#E8FB414F0A"
"Беяш cHICCO bABY cOMFORT дкъ мнбнпнфдеммшу,1 000 цпм.,""Йпхбни Пнц, Днкцхмжебяйхи"",HTTPS://WWW.OLX.UA/OBYAVLENIE/VESY-CHICCO-BABY-COMFORT-DLYA-NOVOROZHDENNYH-idffssZ.HTML#E8FB414F0A"
"пюявеяйю дкъ мнбнпнфдеммшу + ондюпнй,50 цпм.,""Йпхбни Пнц, Днкцхмжебяйхи"",HTTPS://WWW.OLX.UA/OBYAVLENIE/RASCHESKA-DLYA-NOVOROZHDENNYH-PODAROK-idcy25T.HTML#E8FB414F0A"
"Йнмбепр дкъ мнбнпнфдеммнцн,100 цпм.,""Йпхбни Пнц, Яюйяюцюмяйхи"",HTTPS://WWW.OLX.UA/OBYAVLENIE/KONVERT-DLYA-NOVOROZHDENNOGO-idah2aE.HTML#E8FB414F0A"
"Реокши векнбевей дкъ мнбнпнфдемнцн,99 цпм.,""Йпхбни Пнц, Яюйяюцюмяйхи"",HTTPS://WWW.OLX.UA/OBYAVLENIE/TEPLYY-CHELOVECHEK-DLYA-NOVOROZHDENOGO-idg1j9I.HTML?SD=1#E8FB414F0A"
"Опндюл йнмбепр дкъ мнбнпнфдеммнцн,200 цпм.,""Йпхбни Пнц, Яюйяюцюмяйхи"",HTTPS://WWW.OLX.UA/OBYAVLENIE/PRODAM-KONVERT-DLYA-NOVOROZHDENNOGO-idbDK9N.HTML#E8FB414F0A"
"Йнярчл реокши дкъ мнбнпнфдеммнцн йнтрю, ьрюмш-2ьр, ьюойю,85 цпм.,""Йпхбни Пнц, Фнбрмебши"",HTTPS://WWW.OLX.UA/OBYAVLENIE/KOSTYUM-TEPLYY-DLYA-NOVOROZHDENNOGO-KOFTA-SHTANY-2SHT-SHAPKA-idUVf3V.HTML?SD=1#E8FB414F0A"
"Аюмдюф дкъ тхйяюжхх ьеимнцн нрдекю онгбнмнвмхйю дкъ мнбнпнфдеммшу,100 цпм.,""Йпхбни Пнц, Фнбрмебши"",HTTPS://WWW.OLX.UA/OBYAVLENIE/BANDAZH-DLYA-FIKSATSII-SHEYNOGO-OTDELA-POZVONOCHNIKA-DLYA-NOVOROZHDENNYH-idgMIiP.HTML?SD=1#E8FB414F0A"
"nEWBORN PHOTO. Тнрнцпют мнбнпнфдеммшу. Яелеимши х деряйхи тнрнцпют,,""Йпхбни Пнц, Дгепфхмяйхи"",HTTPS://WWW.OLX.UA/OBYAVLENIE/NEWBORN-PHOTO-FOTOGRAF-NOVOROZHDENNYH-SEMEYNYY-I-DETSKIY-FOTOGRAF-idc2Iyf.HTML#E8FB414F0A"
"Мхакеп. Пюявеяйю cHICCO дкъ мнбнпнфдеммшу.,30 цпм.,""Йпхбни Пнц, Яюйяюцюмяйхи"",HTTPS://WWW.OLX.UA/OBYAVLENIE/NIBLER-RASCHESKA-CHICCO-DLYA-NOVOROZHDENNYH-ide72fr.HTML?SD=1#E8FB414F0A"
"йнлокейр хг 6 опедлернб дкъ мнбнпнфдеммни опхмжеяяш,200 цпм.,""Йпхбни Пнц, Фнбрмебши"",HTTPS://WWW.OLX.UA/OBYAVLENIE/KOMPLEKT-IZ-6-PREDMETOV-DLYA-NOVOROZHDENNOY-PRINTSESSY-idgIB9q.HTML?SD=1#E8FB414F0A"
"йнмбепр мю бшохяйс мнбнпнфдеммнцн,100 цпм.,""Йпхбни Пнц, Днкцхмжебяйхи"",HTTPS://WWW.OLX.UA/OBYAVLENIE/KONVERT-NA-VYPISKU-NOVOROZHDENNOGO-idEHPnM.HTML#E8FB414F0A"
"Гхлмхи йнлахмегнм дкъ мнбнпнфдеммшу,300 цпм.,""Йпхбни Пнц, Жемрпюкэмн-Цнпндяйни"",HTTPS://WWW.OLX.UA/OBYAVLENIE/ZIMNIY-KOMBINEZON-DLYA-NOVOROZHDENNYH-ideibUZ.HTML?SD=1#E8FB414F0A"
"Опндюл реплнлерп дкъ йсоюмхъ мнбнпнфдеммшу,200 цпм.,""Йпхбни Пнц, Яюйяюцюмяйхи"",HTTPS://WWW.OLX.UA/OBYAVLENIE/PRODAM-TERMOMETR-DLYA-KUPANIYA-NOVOROZHDENNYH-idaxhZ0.HTML#E8FB414F0A"
"Гхлмъъ ьюонвйю я ьюптхйнл дкъ мнбнпнфдеммшу,150 цпм.,""Йпхбни Пнц, Фнбрмебши"",HTTPS://WWW.OLX.UA/OBYAVLENIE/ZIMNYAYA-SHAPOCHKA-S-SHARFIKOM-DLYA-NOVOROZHDENNYH-idfvwdn.HTML?SD=1#E8FB414F0A"
"Окюревйн мю мнбнпнфдеммнцн,165 цпм.,""Йпхбни Пнц, Фнбрмебши"",HTTPS://WWW.OLX.UA/OBYAVLENIE/PLATECHKO-NA-NOVOROZHDENNOGO-idgH6jS.HTML?SD=1#E8FB414F0A"
"Йнярчл дкъ мнбнпнфдеммшу дкъ бшохяйх я пндднлю,150 цпм.,""Йпхбни Пнц, Фнбрмебши"",HTTPS://WWW.OLX.UA/OBYAVLENIE/KOSTYUM-DLYA-NOVOROZHDENNYH-DLYA-VYPISKI-S-RODDOMA-idgddcC.HTML?SD=1#E8FB414F0A"
"Андхй.Йнлахмегнм.Векнбевей.Беых дкъ мнбнпнфдеммшу,100 цпм.,""Йпхбни Пнц, Фнбрмебши"",HTTPS://WWW.OLX.UA/OBYAVLENIE/BODIK-KOMBINEZON-CHELOVECHEK-VESCHI-DLYA-NOVOROZHDENNYH-idgddEW.HTML?SD=1#E8FB414F0A"
"19 беыеи дкъ мнбнпнфдеммнцн гю 200 цпм,200 цпм.,""Йпхбни Пнц, Яюйяюцюмяйхи"",HTTPS://WWW.OLX.UA/OBYAVLENIE/19-VESCHEY-DLYA-NOVOROZHDENNOGO-ZA-200-GRN-idf21Lg.HTML?SD=1#E8FB414F0A"
"Ьюонвйю дкъ мнбнпнфдеммнцн дн 4-5 лея.,50 цпм.,""Йпхбни Пнц, Дгепфхмяйхи"",HTTPS://WWW.OLX.UA/OBYAVLENIE/SHAPOCHKA-DLYA-NOVOROZHDENNOGO-DO-4-5-MES-idgdYOs.HTML?SD=1#E8FB414F0A"
"Онкгсмйх дкъ мнбнпнфдеммшу,30 цпм.,""Йпхбни Пнц, Днкцхмжебяйхи"",HTTPS://WWW.OLX.UA/OBYAVLENIE/POLZUNKI-DLYA-NOVOROZHDENNYH-idgLZsO.HTML?SD=1#E8FB414F0A"
"Йнярчл дкъ мнбнпнфдеммнцн,100 цпм.,""Йпхбни Пнц, Жемрпюкэмн-Цнпндяйни"",HTTPS://WWW.OLX.UA/OBYAVLENIE/KOSTYUM-DLYA-NOVOROZHDENNOGO-idfxieY.HTML#E8FB414F0A"
"Гхлю няемэ реокюъ ьюонвйю мю ткхяе дкъ мнбнпнфдеммшу,75 цпм.,""Йпхбни Пнц, Фнбрмебши"",HTTPS://WWW.OLX.UA/OBYAVLENIE/ZIMA-OSEN-TEPLAYA-SHAPOCHKA-NA-FLISE-DLYA-NOVOROZHDENNYH-idOll4A.HTML?SD=1#E8FB414F0A"
"Ьюойю дкъ мнбнпнфдеммшу.,70 цпм.,""Йпхбни Пнц, Дгепфхмяйхи"",HTTPS://WWW.OLX.UA/OBYAVLENIE/SHAPKA-DLYA-NOVOROZHDENNYH-idd51BZ.HTML#E8FB414F0A"
"Опндюч йнмбепр дкъ мнбнпнфдеммшу,100 цпм.,""Йпхбни Пнц, Яюйяюцюмяйхи"",HTTPS://WWW.OLX.UA/OBYAVLENIE/PRODAYU-KONVERT-DLYA-NOVOROZHDENNYH-iddT9xx.HTML#E8FB414F0A"
"Мюанп дкъ мнбнпнфдеммнцн,400 цпм.,""Йпхбни Пнц, Фнбрмебши"",HTTPS://WWW.OLX.UA/OBYAVLENIE/NABOR-DLYA-NOVOROZHDENNOGO-ideVniG.HTML?SD=1#E8FB414F0A"
"Опндюл йнлахмегнм дкъ мнбнпнфдеммнцн люкшью.,100 цпм.,""Йпхбни Пнц, Фнбрмебши"",HTTPS://WWW.OLX.UA/OBYAVLENIE/PRODAM-KOMBINEZON-DLYA-NOVOROZHDENNOGO-MALYSHA-idbkT3k.HTML#E8FB414F0A"
"Делх Ьюонвйю дкъ мнбнпнфдеммнцн мю ткхяе нр 0 дн 5 леяъжеб,50 цпм.,""Йпхбни Пнц, Фнбрмебши"",HTTPS://WWW.OLX.UA/OBYAVLENIE/DEMI-SHAPOCHKA-DLYA-NOVOROZHDENNOGO-NA-FLISE-OT-0-DO-5-MESYATSEV-idFlJNI.HTML#E8FB414F0A"
"Йнлаег мю мнбнпнфдеммнцн,150 цпм.,""Йпхбни Пнц, Фнбрмебши"",HTTPS://WWW.OLX.UA/OBYAVLENIE/KOMBEZ-NA-NOVOROZHDENNOGO-idfckys.HTML?SD=1#E8FB414F0A"
"Йедш дкъ мнбнпнфдеммшу,30 цпм.,""Йпхбни Пнц, Днкцхмжебяйхи"",HTTPS://WWW.OLX.UA/OBYAVLENIE/KEDY-DLYA-NOVOROZHDENNYH-idbaHG5.HTML#E8FB414F0A"
"Опндюл йнмбепр дкъ мнбнпнфдеммнцн,50 цпм.,""Йпхбни Пнц, Днкцхмжебяйхи"",HTTPS://WWW.OLX.UA/OBYAVLENIE/PRODAM-KONVERT-DLYA-NOVOROZHDENNOGO-idgKd2O.HTML?SD=1#E8FB414F0A"
"Реокши йнмбепр дкъ мнбнпнфдеммшу,100 цпм.,""Йпхбни Пнц, Яюйяюцюмяйхи"",HTTPS://WWW.OLX.UA/OBYAVLENIE/TEPLYY-KONVERT-DLYA-NOVOROZHDENNYH-idcbpwV.HTML#E8FB414F0A"
