CATEGORY;NAME;SLUG;IMAGE;DESCRIPTION;PRICE;AVAILABLE;CREATED;UPDATED
Пчйгюй;Ьйнкэмши пюмеж;SHKOLNIY-RANEC;-;Уюпюйрепхярхйх: къкъкъкъ;111;tRUE;11.01.2020;15.02.2020
Пчйгюй;Ьйнкэмши пюмеж;SHKOLNIY-RANEC-2;-;Уюпюйрепхярхйх: къкъкъкъ;222;tRUE;12.01.2020;16.02.2020
Гнмр;Гнмр РЛ dEeSSE;ZONT-TM-DEESSE;-;Уюпюйрепхярхйх: къкъкъкъ;333;tRUE;13.01.2020;17.02.2020
Гнмр;Гнмр РЛ dEeSSE;ZONT-TM-DEESSE-2;-;Уюпюйрепхярхйх: къкъкъкъ;444;tRUE;14.01.2020;18.02.2020
Гнмр;Фемяйхи гнмр;JENSKI-ZONT;-;Уюпюйрепхярхйх: къкъкъкъ;555;tRUE;15.01.2020;19.02.2020
Яслйю;Лхмх яслйю;MINI-SUMKA;-;Уюпюйрепхярхйх: къкъкъкъ;666;tRUE;16.01.2020;20.02.2020
Пчйгюй;Фемяйхи пчйгюй;JENSKI-RUKZAK;-;Уюпюйрепхярхйх: къкъкъкъ;777;tRUE;17.01.2020;21.02.2020
Яслйю;Яслйю-йкюрв;SUMKA-KLATCH;-;Уюпюйрепхярхйх: къкъкъкъ;888;tRUE;18.01.2020;22.02.2020
Яслйю;Яслйю днпнфмюъ;SUMKA-DOROJNAYA;-;Уюпюйрепхярхйх: къкъкъкъ;999;tRUE;19.01.2020;23.02.2020
Велндюм;Велндюм ПНМЙЮРН;CHEMODAN-RONKATO;-;Уюпюйрепхярхйх: къкъкъкъ;10101;tRUE;20.01.2020;24.02.2020
Яслйю;Яслйю днпнфмюъ мю йнкеяюу;SUMKA-DOROJNAYA-NA-KOLESAH;-;Уюпюйрепхярхйх: къкъкъкъ;20202;tRUE;21.01.2020;25.02.2020
Пчйгюй;Пчйгюй  cABINET;RUKZAK-CABINET;-;Уюпюйрепхярхйх: къкъкъкъ;30303;tRUE;22.01.2020;26.02.2020
Яслйю;Лсфяйюъ яслйю vatto;MUJSKAYA-SUMKA-VATTO;-;Уюпюйрепхярхйх: къкъкъкъ;40404;tRUE;23.01.2020;27.02.2020
